year_plan_id	file_name	storage_path	db_file_size	storage_size	etag	parse_status	enabled
7ff142c9-4b53-4dc1-b8bc-3d6ebc8868b7	CBSE C Batch chemistry C1 Year Plans 2026 - 27 TG.pdf	1786293510036-CBSE_C_Batch_chemistry_C1_Year_Plans_2026_-_27_TG.pdf	228559	228559	1326904a60f8877fa36b2a5e4e5c06b6	parsed	true
892205ab-74fd-4d20-8d62-a8dcab075993	CBSE C Batch chemistry C2 Year Plans 2026 - 27 TG.pdf	1786293508161-CBSE_C_Batch_chemistry_C2_Year_Plans_2026_-_27_TG.pdf	210125	210125	729c66fd3273f6bb8a564ce8ceac9b07	parsed	true
0c77c9b8-3dbe-4a70-97d1-221390782046	CBSE C Batch chemistry C3 Year Plans 2026 - 27 TG.pdf	1786293505968-CBSE_C_Batch_chemistry_C3_Year_Plans_2026_-_27_TG.pdf	210481	210481	da21889330d4b26790bf5796279c79f8	parsed	true
29bf197c-d32e-4b5f-abe6-0055155f83ce	CBSE C Batch chemistry C4 Year Plans 2026 - 27 TG.pdf	1786293503861-CBSE_C_Batch_chemistry_C4_Year_Plans_2026_-_27_TG.pdf	266329	266329	7bc5e8c2a8951c92148730ad5ef78f1a	parsed	true
87dd5fba-2fb7-47fa-aeed-c49740d69993	CBSE C Batch chemistry C5 Year Plans 2026 - 27 TG.pdf	1786293501383-CBSE_C_Batch_chemistry_C5_Year_Plans_2026_-_27_TG.pdf	211965	211965	4b40d7760df1a89169a6b5611f182f4b	parsed	true
24dad7d0-d304-496e-b85d-821a6509faaf	CBSE Class IX TG Year Plans 2026 - 27.pdf	1786293555632-CBSE_Class_IX_TG_Year_Plans_2026_-_27.pdf	754680	754680	b485c8ed34d40879e79884e1f90dc47d	parsed	true
83c48ce1-53c3-4635-92ba-416595f40388	CBSE Class IX TG Year Plans 2026 - 27.pdf	1786345215835-CBSE_Class_IX_TG_Year_Plans_2026_-_27.pdf	46427	46427	c1e523b652c33fbf240de4b1baf48dd6	parsed	true
33d8c326-e6e2-4364-bf17-f76272af41ec	CBSE Class VI TG Year Plans 2026 - 27.pdf	1786293538360-CBSE_Class_VI_TG_Year_Plans_2026_-_27.pdf	756948	756948	4beb1ec6a4914300a75a065d0993c05b	parsed	true
9c769473-8295-47d3-b586-9213883a9504	CBSE Class VI TG Year Plans 2026 - 27.pdf	1786345112422-CBSE_Class_VI_TG_Year_Plans_2026_-_27.pdf	50162	50162	9ad9af5c683109e2709560947f9d1181	parsed	true
05597a07-8376-41f1-b867-c58dd7927033	CBSE Class VII TG Year Plans 2026 - 27.pdf	1786293543656-CBSE_Class_VII_TG_Year_Plans_2026_-_27.pdf	756236	756236	c481a749dcef16bb082a37f1bf658e73	parsed	true
35684545-da5b-45c9-93b5-ed0f64526159	CBSE Class VII TG Year Plans 2026 - 27.pdf	1786345142422-CBSE_Class_VII_TG_Year_Plans_2026_-_27.pdf	83909	83909	842992eb0653435f45a6619451e88cc6	parsed	true
10acb681-3a95-4cba-9bbf-424a7e8d6e64	CBSE Class VIII TG Year Plans 2026 - 27.pdf	1786293550059-CBSE_Class_VIII_TG_Year_Plans_2026_-_27.pdf	746341	746341	4409014d10247943d16789c4d5538427	parsed	true
8cab3c11-508c-44b5-b70c-6593c51c73a4	CBSE Class VIII TG Year Plans 2026 - 27.pdf	1786345189093-CBSE_Class_VIII_TG_Year_Plans_2026_-_27.pdf	50294	50294	50df0e9e830c9d985788e3e496f049f4	parsed	true
2b217d34-4b71-4d90-9422-e2ab9c5bcf86	CBSE Class X TG Year Plans 2026 - 27.pdf	1786293558849-CBSE_Class_X_TG_Year_Plans_2026_-_27.pdf	488511	488511	3e893d89bac0c42fa0c69cd1d9e42d40	parsed	true
fd7453c9-1184-4f42-ba41-506ffea047ef	CBSE Class X TG Year Plans 2026 - 27.pdf	1786345252690-CBSE_Class_X_TG_Year_Plans_2026_-_27.pdf	278832	278832	6dbd8b95d37a338a6ae4fb0db684f0f2	parsed	true
99f03220-931d-4b78-84ce-682509afed95	CBSE Lead chemistry L2 Year Plans 2026 - 27 TG.pdf	1786293585710-CBSE_Lead_chemistry_L2_Year_Plans_2026_-_27_TG.pdf	185246	185246	1c11e636e9fcda7f13120f3520b885ed	parsed	true
574432e1-0c0a-4da0-ac1d-1536174a7529	CBSE Lead chemistry L3 Year Plans 2026 - 27 TG.pdf	1786293583901-CBSE_Lead_chemistry_L3_Year_Plans_2026_-_27_TG.pdf	213694	213694	45567c903463beae950b1e8806c89c44	parsed	true
2ec4e1bd-28fc-47b3-ba5e-a4ca331af8c3	CBSE Lead chemistry L4 Year Plans 2026 - 27 TG.pdf	1786293581794-CBSE_Lead_chemistry_L4_Year_Plans_2026_-_27_TG.pdf	255168	255168	4f408ef619d702a7da05ef538d0b0135	parsed	true
796e8b55-24f3-4b98-b96c-b7ab8bccf247	CBSE Lead chemistry L5 Year Plans 2026 - 27 TG.pdf	1786293579878-CBSE_Lead_chemistry_L5_Year_Plans_2026_-_27_TG.pdf	214279	214279	35c9f1cf62199dc981e8d0958c7d30b4	parsed	true
756d8d78-e91c-4f92-99b8-15cd55473335	CBSE Techno chemistry IX Year Plans 2026 - 27 TG.pdf	1786293497616-CBSE_Techno_chemistry_IX_Year_Plans_2026_-_27_TG.pdf	185653	185653	fdbee4d1b9194cf608517c1c7a427e57	parsed	true
2b7ecfef-42ac-4153-a94a-3d851490adb7	CBSE Techno chemistry VI Year Plans 2026 - 27 TG.pdf	1786293492039-CBSE_Techno_chemistry_VI_Year_Plans_2026_-_27_TG.pdf	216754	216754	6137acdd6fe2e24eb8d6fa10c6e4832a	parsed	true
fa23e304-a24a-415c-9b4d-094d078a59a9	CBSE Techno chemistry VII Year Plans 2026 - 27 TG.pdf	1786293493832-CBSE_Techno_chemistry_VII_Year_Plans_2026_-_27_TG.pdf	257690	257690	47bc47229e5803609dd8517ac3ef1700	parsed	true
5221b09d-9563-4708-805a-8c0d1f19d234	CBSE Techno chemistry VIII Year Plans 2026 - 27 TG.pdf	1786293495912-CBSE_Techno_chemistry_VIII_Year_Plans_2026_-_27_TG.pdf	214072	214072	1c28cea6ab106832ff6f45f4825500e4	parsed	true
aad49d58-154d-4336-acf9-d251880cad10	CBSE Techno chemistry X Year Plans 2026 - 27 TG.pdf	1786293499603-CBSE_Techno_chemistry_X_Year_Plans_2026_-_27_TG.pdf	228528	228528	5b906e5b64065521de84db92797e2cf8	parsed	true
e88d029d-f930-449f-bef5-4232d39e1b6d	CBSE(TG) - VI to X Classes Biology Year Plans 2026 - 27.pdf	1786293514707-CBSE_TG__-_VI_to_X_Classes_Biology_Year_Plans_2026_-_27.pdf	750871	750871	1dae3311fa0af9a59388fa94aef28394	parsed	true
2d9a7909-866e-48cd-978a-260d019e0033	Grade 10 IT-Year Plan 2026-27.pdf	1786293578121-Grade_10_IT-Year_Plan_2026-27.pdf	619045	619045	d908bfcbb865c263307915c102a7f819	parsed	true
f7c1a0fa-b083-4219-a9d6-3f1e69e580e4	Grade 6 IT - AI Year Plan 2026 - 27.pdf	1786293564921-Grade_6_IT_-_AI_Year_Plan_2026_-_27.pdf	455912	455912	1a93a2e2ac96fca311cda98ee1cb378d	parsed	true
36866b33-4de7-41bd-922b-24169a962351	Grade 7 IT - AI Year Plan 2026 - 27.pdf	1786293568053-Grade_7_IT_-_AI_Year_Plan_2026_-_27.pdf	454319	454319	331b732aa4f26f7aab270f63edb891ec	parsed	true
12b285a7-0ee6-4592-9ef3-8098a8a7cf72	Grade 8 IT - AI Year Plan 2026 - 27.pdf	1786293571523-Grade_8_IT_-_AI_Year_Plan_2026_-_27.pdf	455619	455619	8831ff55471b3f138dbdfd9074545eac	parsed	true
894410d1-6b00-4b22-adba-9803603b0056	Grade 9 IT-Year Plan 2026-27.pdf	1786293575220-Grade_9_IT-Year_Plan_2026-27.pdf	817421	817421	1c7a7f0d919d6c9ca7576398f527d826	parsed	true
d559faf7-5bca-4b8b-bac2-de92915871b0	Hindi (SL) CBSE Classes VI to X TG Year Plans 2026 - 27.pdf	1786343518992-Hindi__SL__CBSE_Classes_VI_to_X_TG_Year_Plans_2026_-_27.pdf	933837	933837	f98f4d619e45e9c4b92e988070805d7c	parsed	true
67768474-9381-4dbf-8e59-14e45136d6f4	Hindi (TL-Bal Vatika) CBSE Classes VI to X TG Year Plans 2026 - 27.pdf		485872			parsed	true
57978fbf-dcd4-406f-8a71-cd12ba5a822c	TG  CBSE Telugu TL (R3) VI to VIII Year Plans 2026 - 27.pdf	1786344529017-TG__CBSE_Telugu_TL__R3__VI_to_VIII_Year_Plans_2026_-_27.pdf	332722	332722	3cdc54ee1207e53c4ffb65d692fe02e2	parsed	true
adb9c99b-5a22-4144-a76b-d0f1fea2e184	TG C Batch Physics Year Plan 2026 - 27.xlsx	1786293560128-TG_C_Batch_Physics_Year_Plan_2026_-_27.xlsx	31219	31219	ed1d75bb1b0aa0a59262d4f579a97152	parsed	true
1e85ac11-f994-4720-877f-0ea97111639a	TG CBSE Classes IX Int Hindi LEAD Year Plans 2026 - 27.pdf		184848			parsed	true
60253ab5-4892-4c3f-9dcf-3806f1f44c0a	TG CBSE Classes VI Int Hindi LEAD Year Plans 2026 - 27.pdf	1786345902654-TG_CBSE_Classes_VI_Int_Hindi_LEAD_Year_Plans_2026_-_27.pdf	259156	259156	6c76f5dd91db6c6cbabd26b904201e78	partial	true
89256f41-894d-4102-90ae-9121ca18e05a	TG CBSE Classes VII Int Hindi LEAD Year Plans 2026 - 27.pdf		247449			parsed	true
4e03cc02-0acc-4a8e-bce3-4240df24595e	TG CBSE Classes VIII Int Hindi LEAD Year Plans 2026 - 27.pdf		245301			parsed	true
982633fc-11d2-454a-9ef9-81e7b659afcb	TG CBSE MATH C1 C BATCH YEAR PLAN (2026 - 27).pdf	1786293522828-TG_CBSE_MATH_C1_C_BATCH_YEAR_PLAN__2026_-_27_.pdf	118659	118659	02f9979481f37ff6b19477513025fc95	parsed	true
c0e6fce9-6651-46e0-a9a0-b2ae828448a7	TG CBSE MATH C2 C BATCH YEAR PLAN (2026 - 27).pdf	1786293521302-TG_CBSE_MATH_C2_C_BATCH_YEAR_PLAN__2026_-_27_.pdf	124932	124932	4ddab36582a258502c376e5a8788ebdf	parsed	true
0cd250bd-d4c5-43a8-91c5-951e199249c3	TG CBSE MATH C3 C BATCH YEAR PLAN (2026 - 27).pdf	1786293519782-TG_CBSE_MATH_C3_C_BATCH_YEAR_PLAN__2026_-_27_.pdf	124009	124009	51ab3b7e0e4d224522799e4ac7977e20	parsed	true
f57c12f6-94da-4fab-9465-d57f37e51348	TG CBSE MATH C4 C BATCH YEAR PLAN (2026 - 27).pdf	1786293518104-TG_CBSE_MATH_C4_C_BATCH_YEAR_PLAN__2026_-_27_.pdf	126665	126665	01cb210aaeedf8b19a57f3cc771ed501	parsed	true
53f6c78f-3e04-4bc6-ad8f-8c11415a0c7d	TG CBSE MATH C5 C BATCH YEAR PLAN (2026 - 27).pdf	1786293516489-TG_CBSE_MATH_C5_C_BATCH_YEAR_PLAN__2026_-_27_.pdf	124837	124837	3b05dd3bae414f486ba2adfc19e80651	parsed	true
36c282b6-518f-40c6-88c1-7e187be9b49c	TG CBSE MATH IX TECHNO YEAR PLAN (2026 - 27).pdf	1786293529497-TG_CBSE_MATH_IX_TECHNO_YEAR_PLAN__2026_-_27_.pdf	125129	125129	9138face9c15f95bee0ad6ef535aaf4f	parsed	true
89500b1a-8185-418c-b2c2-e5a703a09f46	TG CBSE MATH VI TECHNO YEAR PLAN (2026 - 27).pdf	1786293524330-TG_CBSE_MATH_VI_TECHNO_YEAR_PLAN__2026_-_27_.pdf	123514	123514	d118945393b45029e0b47147221db1cb	parsed	true
b17c8a5a-89e4-446f-b742-e1b148191146	TG CBSE MATH VII TECHNO YEAR PLAN (2026 - 27).pdf	1786293525985-TG_CBSE_MATH_VII_TECHNO_YEAR_PLAN__2026_-_27_.pdf	126781	126781	599638c943b1256ef9510905ac3358ea	parsed	true
a691a50f-ad09-49a9-9a0c-aecc2f3f7a47	TG CBSE MATH VIII TECHNO YEAR PLAN (2026 - 27).pdf	1786293527667-TG_CBSE_MATH_VIII_TECHNO_YEAR_PLAN__2026_-_27_.pdf	124098	124098	c50a1b6a629c1d4648005543037ef0fd	parsed	true
8090fe6a-c0b4-414d-b8c1-d5a5ac525ca5	TG CBSE MATH X TECHNO YEAR PLAN (2026 - 27).pdf	1786293531938-TG_CBSE_MATH_X_TECHNO_YEAR_PLAN__2026_-_27_.pdf	122765	122765	df48f4e2f4b74df5cbe4dedeb2a45af3	parsed	true
80b6c79b-86f5-4849-a0df-2aad166e8d52	TG CBSE REASONING YEAR PALN 2026-2027 (1).xlsx	1786345688529-TG_CBSE_REASONING_YEAR_PALN_2026-2027__1_.xlsx	20558	20558	d1ad2119f241c6c9f73b53f9fefc3de1	parsed	true
e0144a99-028d-41bc-ab90-415c28c7dc4a	TG CBSE SL Telugu s VI to X Year Plans 2026 - 27.pdf	1786344653985-TG_CBSE_SL_Telugu_s_VI_to_X_Year_Plans_2026_-_27.pdf	522058	522058	f6b3348d2874fb9c3bd471e217b26318	parsed	true
8580c044-a67a-4151-913f-45cf69bd8f07	TG Techno Year Plan 2026 - 27.xlsx	1786293489789-TG_Techno_Year_Plan_2026_-_27.xlsx	31543	31543	a8389fd9f0931098a079d688a06bab8c	parsed	true
d7e254ec-988c-4267-b203-62d9ef17ec55	TG Techno Year Plan 2026 - 27.xlsx	1786293561485-TG_Techno_Year_Plan_2026_-_27.xlsx	31543	31543	a8389fd9f0931098a079d688a06bab8c	parsed	true
